{
    "action_size": 140,
    "activs": [
        "relu",
        "relu",
        "relu",
        "relu",
        "relu",
        "relu"
    ],
    "list_attr_obs": [
        "day_of_week",
        "hour_of_day",
        "minute_of_hour",
        "prod_p",
        "prod_v",
        "load_p",
        "load_q",
        "actual_dispatch",
        "target_dispatch",
        "topo_vect",
        "time_before_cooldown_line",
        "time_before_cooldown_sub",
        "rho",
        "timestep_overflow",
        "line_status"
    ],
    "observation_size": 614,
    "sizes": [
        800,
        800,
        800,
        494,
        494,
        494
    ]
}