{
    "_final_epsilon": 0.000496031746031746,
    "_initial_epsilon": 0.4,
    "_update_nb_iter": 10,
    "buffer_size": 40000,
    "discount_factor": 0.99,
    "last_step": 9999,
    "lr": 0.0001,
    "lr_decay_rate": 0.999,
    "lr_decay_steps": 10000.0,
    "max_global_norm_grad": null,
    "max_iter": 8064,
    "max_loss": null,
    "max_value_grad": null,
    "min_iter": 50,
    "min_observation": 5000,
    "minibatch_size": 64,
    "num_frames": 1,
    "oversampling_rate": null,
    "save_model_each": 10000,
    "step_for_final_epsilon": 100000,
    "step_increase_nb_iter": 0,
    "tau": 0.01,
    "update_freq": 256,
    "update_tensorboard_freq": 1000
}