{
  "0": {
    "NO_OVERFLOW_DISCONNECTION":  true,
    "NB_TIMESTEP_OVERFLOW_ALLOWED": 9999,
    "NB_TIMESTEP_COOLDOWN_SUB": 0,
    "NB_TIMESTEP_COOLDOWN_LINE": 0,
    "HARD_OVERFLOW_THRESHOLD": 9999,
    "NB_TIMESTEP_RECONNECTION": 0,
    "IGNORE_MIN_UP_DOWN_TIME": true,
    "ALLOW_DISPATCH_GEN_SWITCH_OFF": true,
    "ENV_DC": false,
    "FORECAST_DC": false,
    "MAX_SUB_CHANGED": 1,
    "MAX_LINE_STATUS_CHANGED": 1
  },
  "1": {
    "NO_OVERFLOW_DISCONNECTION":  false,
    "NB_TIMESTEP_OVERFLOW_ALLOWED": 6,
    "NB_TIMESTEP_COOLDOWN_SUB": 0,
    "NB_TIMESTEP_COOLDOWN_LINE": 0,
    "HARD_OVERFLOW_THRESHOLD": 300,
    "NB_TIMESTEP_RECONNECTION": 1,
    "IGNORE_MIN_UP_DOWN_TIME": true,
    "ALLOW_DISPATCH_GEN_SWITCH_OFF": true,
    "ENV_DC": false,
    "FORECAST_DC": false,
    "MAX_SUB_CHANGED": 1,
    "MAX_LINE_STATUS_CHANGED": 1
  },
  "2": {
    "NO_OVERFLOW_DISCONNECTION":  false,
    "NB_TIMESTEP_OVERFLOW_ALLOWED": 3,
    "NB_TIMESTEP_COOLDOWN_SUB": 1,
    "NB_TIMESTEP_COOLDOWN_LINE": 1,
    "HARD_OVERFLOW_THRESHOLD": 250,
    "NB_TIMESTEP_RECONNECTION": 6,
    "IGNORE_MIN_UP_DOWN_TIME": true,
    "ALLOW_DISPATCH_GEN_SWITCH_OFF": true,
    "ENV_DC": false,
    "FORECAST_DC": false,
    "MAX_SUB_CHANGED": 1,
    "MAX_LINE_STATUS_CHANGED": 1
  },
  "competition": {
    "NO_OVERFLOW_DISCONNECTION":  false,
    "NB_TIMESTEP_OVERFLOW_ALLOWED": 3,
    "NB_TIMESTEP_COOLDOWN_SUB": 3,
    "NB_TIMESTEP_COOLDOWN_LINE": 3,
    "HARD_OVERFLOW_THRESHOLD": 200,
    "NB_TIMESTEP_RECONNECTION": 12,
    "IGNORE_MIN_UP_DOWN_TIME": true,
    "ALLOW_DISPATCH_GEN_SWITCH_OFF": true,
    "ENV_DC": false,
    "FORECAST_DC": false,
    "MAX_SUB_CHANGED": 1,
    "MAX_LINE_STATUS_CHANGED": 1
  }
}
